{
    "Validation Loss": 0.5904113092463991,
    "Accuracy": 0.8122146118721462,
    "Precision": 0.849430884181428,
    "Recall": 0.8122146118721462,
    "F1-score": 0.8233462582021127
}