{
    "Validation Loss": 1.899063969742168,
    "Accuracy": 0.21746575342465754,
    "Precision": 0.49822594787475205,
    "Recall": 0.21746575342465754,
    "F1-score": 0.17475307455677472
}