{
    "Validation Loss": 2.2564078215594705,
    "Accuracy": 0.238013698630137,
    "Precision": 0.05804193703436674,
    "Recall": 0.238013698630137,
    "F1-score": 0.09332554050659815
}