{
    "Validation Loss": 1.839587233283303,
    "Accuracy": 0.22146118721461186,
    "Precision": 0.19199270823408912,
    "Recall": 0.22146118721461186,
    "F1-score": 0.13323538229126322
}