{
    "Accuracy": 0.7505070993914807,
    "Precision": 0.8179231723021477,
    "Recall": 0.7505070993914807,
    "F1": 0.7518625509153636
}